Participant,Signature,"Ratification, Acceptance(A), Approval(AA), Accession(a), Succession(d)"
Afghanistan,14 Dec 2000,24 Sep 2003
Albania,12 Dec 2000,21 Aug 2002
Algeria,12 Dec 2000,7 Oct 2002
Andorra,11 Nov 2001,22 Sep 2011
Angola,13 Dec 2000,1 Apr 2013
Antigua and Barbuda,26 Sep 2001,24 Jul 2002
Argentina,12 Dec 2000,19 Nov 2002
Armenia,15 Nov 2001,1 Jul 2003
Australia,13 Dec 2000,27 May 2004
Austria,12 Dec 2000,23 Sep 2004
Azerbaijan,12 Dec 2000,30 Oct 2003
Bahamas,9 Apr 2001,26 Sep 2008
Bahrain,,7 Jun 2004 a
Bangladesh,,13 Jul 2011 a
Barbados,26 Sep 2001,
Belarus,14 Dec 2000,25 Jun 2003
Belgium,12 Dec 2000,11 Aug 2004
Belize,,26 Sep 2003 a
Benin,13 Dec 2000,30 Aug 2004
Bolivia (Plurinational State of),12 Dec 2000,10 Oct 2005
Bosnia and Herzegovina,12 Dec 2000,24 Apr 2002
Botswana,10 Apr 2002,29 Aug 2002
Brazil,12 Dec 2000,29 Jan 2004
Brunei Darussalam,,25 Mar 2008 a
Bulgaria,13 Dec 2000,5 Dec 2001
Burkina Faso,15 Dec 2000,15 May 2002
Burundi,14 Dec 2000,24 May 2012
Cambodia,11 Nov 2001,12 Dec 2005
Cameroon,13 Dec 2000,6 Feb 2006
Canada,14 Dec 2000,13 May 2002
Cape Verde,13 Dec 2000,15 Jul 2004
Central African Republic,,14 Sep 2004 a
Chad,,18 Aug 2009 a
Chile,13 Dec 2000,29 Nov 2004
China,12 Dec 2000,23 Sep 2003
Colombia,12 Dec 2000,4 Aug 2004
Comoros,,25 Sep 2003 a
Congo,14 Dec 2000,
Cook Islands,,4 Mar 2004 a
Costa Rica,16 Mar 2001,24 Jul 2003
Cte d'Ivoire,15 Dec 2000,25 Oct 2012
Croatia,12 Dec 2000,24 Jan 2003
Cuba,13 Dec 2000,9 Feb 2007
Cyprus,12 Dec 2000,22 Apr 2003
Czech Republic,12 Dec 2000,
Democratic Republic of the Congo,,28 Oct 2005 a
Denmark,12 Dec 2000,30 Sep 2003
Djibouti,,20 Apr 2005 a
Dominica,,17 May 2013 a
Dominican Republic,13 Dec 2000,26 Oct 2006
Ecuador,13 Dec 2000,17 Sep 2002
Egypt,13 Dec 2000,5 Mar 2004
El Salvador,14 Dec 2000,18 Mar 2004
Equatorial Guinea,14 Dec 2000,7 Feb 2003
Estonia,14 Dec 2000,10 Feb 2003
Ethiopia,14 Dec 2000,23 Jul 2007
European Union,12 Dec 2000,21 May 2004 AA
Finland,12 Dec 2000,10 Feb 2004
France,12 Dec 2000,29 Oct 2002
Gabon,,15 Dec 2004 a
Gambia,14 Dec 2000,5 May 2003
Georgia,13 Dec 2000,5 Sep 2006
Germany,12 Dec 2000,14 Jun 2006
Ghana,,21 Aug 2012 a
Greece,13 Dec 2000,11 Jan 2011
Grenada,,21 May 2004 a
Guatemala,12 Dec 2000,25 Sep 2003
Guinea,,9 Nov 2004 a
Guinea-Bissau,14 Dec 2000,10 Sep 2007
Guyana,,14 Sep 2004 a
Haiti,13 Dec 2000,19 Apr 2011
Holy See,,25 Jan 2012 a
Honduras,14 Dec 2000,2 Dec 2003
Hungary,14 Dec 2000,22 Dec 2006
Iceland,13 Dec 2000,13 May 2010
India,12 Dec 2002,5 May 2011
Indonesia,12 Dec 2000,20 Apr 2009
Iran (Islamic Republic of),12 Dec 2000,
Iraq,,17 Mar 2008 a
Ireland,13 Dec 2000,17 Jun 2010
Israel,13 Dec 2000,27 Dec 2006
Italy,12 Dec 2000,2 Aug 2006
Jamaica,26 Sep 2001,29 Sep 2003
Japan,12 Dec 2000,
Jordan,26 Nov 2002,22 May 2009
Kazakhstan,13 Dec 2000,31 Jul 2008
Kenya,,16 Jun 2004 a
Kiribati,,15 Sep 2005 a
Kuwait,12 Dec 2000,12 May 2006
Kyrgyzstan,13 Dec 2000,2 Oct 2003
Lao People's Democratic Republic,,26 Sep 2003 a
Latvia,13 Dec 2000,7 Dec 2001
Lebanon,18 Dec 2001,5 Oct 2005
Lesotho,14 Dec 2000,24 Sep 2003
Liberia,,22 Sep 2004 a
Libya,13 Nov 2001,18 Jun 2004
Liechtenstein,12 Dec 2000,20 Feb 2008
Lithuania,13 Dec 2000,9 May 2002
Luxembourg,13 Dec 2000,12 May 2008
Madagascar,14 Dec 2000,15 Sep 2005
Malawi,13 Dec 2000,17 Mar 2005
Malaysia,26 Sep 2002,24 Sep 2004
Maldives,,4 Feb 2013 a
Mali,15 Dec 2000,12 Apr 2002
Malta,14 Dec 2000,24 Sep 2003
Marshall Islands,,15 Jun 2011 a
Mauritania,,22 Jul 2005 a
Mauritius,12 Dec 2000,21 Apr 2003
Mexico,13 Dec 2000,4 Mar 2003
Micronesia (Federated States of),,24 May 2004 a
Monaco,13 Dec 2000,5 Jun 2001
Mongolia,,27 Jun 2008 a
Montenegro,,23 Oct 2006 d
Morocco,13 Dec 2000,19 Sep 2002
Mozambique,15 Dec 2000,20 Sep 2006
Myanmar,,30 Mar 2004 a
Namibia,13 Dec 2000,16 Aug 2002
Nauru,12 Nov 2001,12 Jul 2012
Nepal,12 Dec 2002,23 Dec 2011
Netherlands,12 Dec 2000,26 May 2004
New Zealand,14 Dec 2000,19 Jul 2002
Nicaragua,14 Dec 2000,9 Sep 2002
Niger,21 Aug 2001,30 Sep 2004
Nigeria,13 Dec 2000,28 Jun 2001
Niue,,16 Jul 2012 a
Norway,13 Dec 2000,23 Sep 2003
Oman,,13 May 2005 a
Pakistan,14 Dec 2000,13 Jan 2010
Panama,13 Dec 2000,18 Aug 2004
Paraguay,12 Dec 2000,22 Sep 2004
Peru,14 Dec 2000,23 Jan 2002
Philippines,14 Dec 2000,28 May 2002
Poland,12 Dec 2000,12 Nov 2001
Portugal,12 Dec 2000,10 May 2004
Qatar,,10 Mar 2008 a
Republic of Korea,13 Dec 2000,
Republic of Moldova,14 Dec 2000,16 Sep 2005
Romania,14 Dec 2000,4 Dec 2002
Russian Federation,12 Dec 2000,26 May 2004
Rwanda,14 Dec 2000,26 Sep 2003
San Marino,14 Dec 2000,20 Jul 2010
Sao Tome and Principe,,12 Apr 2006 a
Saudi Arabia,12 Dec 2000,18 Jan 2005
Senegal,13 Dec 2000,27 Oct 2003
Serbia,12 Dec 2000,6 Sep 2001
Seychelles,12 Dec 2000,22 Apr 2003
Sierra Leone,27 Nov 2001,
Singapore,13 Dec 2000,28 Aug 2007
Slovakia,14 Dec 2000,3 Dec 2003
Slovenia,12 Dec 2000,21 May 2004
South Africa,14 Dec 2000,20 Feb 2004
Spain,13 Dec 2000,1 Mar 2002
Sri Lanka,13 Dec 2000,22 Sep 2006
St. Kitts and Nevis,20 Nov 2001,21 May 2004
St. Lucia,26 Sep 2001,
St. Vincent and the Grenadines,24 Jul 2002,29 Oct 2010
Sudan,15 Dec 2000,10 Dec 2004
Suriname,,25 May 2007 a
Swaziland,14 Dec 2000,24 Sep 2012
Sweden,12 Dec 2000,30 Apr 2004
Switzerland,12 Dec 2000,27 Oct 2006
Syrian Arab Republic,13 Dec 2000,8 Apr 2009
Tajikistan,12 Dec 2000,8 Jul 2002
Thailand,13 Dec 2000,
The former Yugoslav Republic of Macedonia,12 Dec 2000,12 Jan 2005
Timor-Leste,,9 Nov 2009 a
Togo,12 Dec 2000,2 Jul 2004
Trinidad and Tobago,26 Sep 2001,6 Nov 2007
Tunisia,13 Dec 2000,19 Jun 2003
Turkey,13 Dec 2000,25 Mar 2003
Turkmenistan,,28 Mar 2005 a
Uganda,12 Dec 2000,9 Mar 2005
Ukraine,12 Dec 2000,21 May 2004
United Arab Emirates,9 Dec 2002,7 May 2007
United Kingdom of Great Britain and Northern Ireland,14 Dec 2000,9 Feb 2006
United Republic of Tanzania,13 Dec 2000,24 May 2006
United States of America,13 Dec 2000,3 Nov 2005
Uruguay,13 Dec 2000,4 Mar 2005
Uzbekistan,13 Dec 2000,9 Dec 2003
Vanuatu,,4 Jan 2006 a
Venezuela (Bolivarian Republic of),14 Dec 2000,13 May 2002
Viet Nam,13 Dec 2000,8 Jun 2012
Yemen,15 Dec 2000,8 Feb 2010
Zambia,,24 Apr 2005 a
Zimbabwe,12 Dec 2000,12 Dec 2007
