Participant,Signature,"Provisional application by virtue of a notification (n), Provisional application by virtue of signature, adoption of the Agreement or accession thereto",Notification of non-provisional application under article 7 (1) (b),"Ratification, Formal confirmation(c), Accession(a), Definitive signature(s), Simplified procedure(p), Consent to be bound(P), Succession(d)"
Afghanistan,,16 Nov 1994,,
Albania,,16 Nov 1994,,23 Jun 2003 P
Algeria,29 Jul 1994,16 Nov 1994,,11 Jun 1996 P
Andorra,,16 Nov 1994,,
Angola,,,,7 Sep 2010 a
Argentina,29 Jul 1994,16 Nov 1994,,1 Dec 1995
Armenia,,16 Nov 1994,,9 Dec 2002 a
Australia,29 Jul 1994,16 Nov 1994,,5 Oct 1994
Austria,29 Jul 1994,16 Nov 1994,,14 Jul 1995
Bahamas,29 Jul 1994,16 Nov 1994,,28 Jul 1995 p
Bahrain,,16 Nov 1994,,
Bangladesh,,16 Nov 1994,,27 Jul 2001 a
Barbados,15 Nov 1994,16 Nov 1994,,28 Jul 1995 p
Belarus,,16 Nov 1994,,30 Aug 2006 a
Belgium,29 Jul 1994,16 Nov 1994,,13 Nov 1998 P
Belize,,16 Nov 1994,,21 Oct 1994 s
Benin,,16 Nov 1994,,16 Oct 1997 P
Bhutan,,16 Nov 1994,,
Bolivia (Plurinational State of),,16 Nov 1994,,28 Apr 1995 P
Botswana,,16 Nov 1994,,31 Jan 2005 a
Brazil,29 Jul 1994,,29 Jul 1994,25 Oct 2007
Brunei Darussalam,,16 Nov 1994,,5 Nov 1996 P
Bulgaria,,15 May 1996,15 Nov 1994,15 May 1996 a
Burkina Faso,30 Nov 1994,30 Nov 1994,,25 Jan 2005 P
Burundi,,16 Nov 1994,,
Cambodia,,16 Nov 1994,,
Cameroon,24 May 1995,24 May 1995,15 Nov 1994,28 Aug 2002
Canada,29 Jul 1994,16 Nov 1994,,7 Nov 2003
Cape Verde,29 Jul 1994,16 Nov 1994,,23 Apr 2008
Chad,,,,14 Aug 2009 P
Chile,,16 Nov 1994,,25 Aug 1997 a
China,29 Jul 1994,16 Nov 1994,,7 Jun 1996 P
Congo,,16 Nov 1994,,9 Jul 2008 P
Cook Islands,,,,15 Feb 1995 a
Costa Rica,,,,20 Sep 2001 a
Côte d'Ivoire,25 Nov 1994,16 Nov 1994,,28 Jul 1995 p
Croatia,,,,5 Apr 1995 P
Cuba,,16 Nov 1994,,17 Oct 2002 a
Cyprus,1 Nov 1994,27 Jul 1995,15 Nov 1994,27 Jul 1995
Czech Republic,16 Nov 1994,16 Nov 1994,,21 Jun 1996
Denmark,29 Jul 1994,,29 Jul 1994,16 Nov 2004
Dominican Republic,,,,10 Jul 2009 P
Ecuador,,,,24 Sep 2012 P
Egypt,22 Mar 1995,16 Nov 1994,,
Equatorial Guinea,,,,21 Jul 1997 P
Eritrea,,16 Nov 1994,,
Estonia,,16 Nov 1994,,26 Aug 2005 a
Ethiopia,,16 Nov 1994,,
European Union,29 Jul 1994,16 Nov 1994,,1 Apr 1998 c
Fiji,29 Jul 1994,16 Nov 1994,,28 Jul 1995
Finland,29 Jul 1994,16 Nov 1994,,21 Jun 1996
France,29 Jul 1994,16 Nov 1994,,11 Apr 1996
Gabon,4 Apr 1995,16 Nov 1994,,11 Mar 1998 P
Georgia,,,,21 Mar 1996 P
Germany,29 Jul 1994,16 Nov 1994,,14 Oct 1994
Ghana,,16 Nov 1994,,
Greece,29 Jul 1994,16 Nov 1994,,21 Jul 1995
Grenada,14 Nov 1994,16 Nov 1994,,28 Jul 1995 p
Guatemala,,,,11 Feb 1997 P
Guinea,26 Aug 1994,16 Nov 1994,,28 Jul 1995 p
Guyana,,16 Nov 1994,,25 Sep 2008 a
Haiti,,,,31 Jul 1996 P
Honduras,,16 Nov 1994,,28 Jul 2003 a
Hungary,,16 Nov 1994,,5 Feb 2002 a
Iceland,29 Jul 1994,16 Nov 1994,,28 Jul 1995 p
India,29 Jul 1994,16 Nov 1994,,29 Jun 1995
Indonesia,29 Jul 1994,16 Nov 1994,,2 Jun 2000
Iran (Islamic Republic of),,,1 Nov 1994,
Iraq,,16 Nov 1994,,
Ireland,29 Jul 1994,,29 Jul 1994,21 Jun 1996
Italy,29 Jul 1994,16 Nov 1994,29 Jul 1994,13 Jan 1995
Jamaica,29 Jul 1994,16 Nov 1994,,28 Jul 1995 p
Japan,29 Jul 1994,16 Nov 1994,,20 Jun 1996
Jordan,,,14 Nov 1994,27 Nov 1995 P
Kenya,,16 Nov 1994,,29 Jul 1994 s
Kiribati,,,,24 Feb 2003 P
Kuwait,,16 Nov 1994,,2 Aug 2002 a
Lao People's Democratic Republic,27 Oct 1994,16 Nov 1994,,5 Jun 1998 P
Latvia,,,,23 Dec 2004 a
Lebanon,,,,5 Jan 1995 P
Lesotho,,,,31 May 2007 P
Liberia,,,,25 Sep 2008 P
Libya,,16 Nov 1994,,
Liechtenstein,,16 Nov 1994,,
Lithuania,,,,12 Nov 2003 a
Luxembourg,29 Jul 1994,16 Nov 1994,,5 Oct 2000
Madagascar,,16 Nov 1994,,22 Aug 2001 P
Malawi,,,,28 Sep 2010 P
Malaysia,2 Aug 1994,16 Nov 1994,,14 Oct 1996 P
Maldives,10 Oct 1994,16 Nov 1994,,7 Sep 2000 P
Malta,29 Jul 1994,16 Nov 1994,,26 Jun 1996
Marshall Islands,,16 Nov 1994,,
Mauritania,2 Aug 1994,16 Nov 1994,,17 Jul 1996 P
Mauritius,,16 Nov 1994,,4 Nov 1994 P
Mexico,,,2 Nov 1994,10 Apr 2003 a
Micronesia (Federated States of),10 Aug 1994,16 Nov 1994,,6 Sep 1995
Monaco,30 Nov 1994,16 Nov 1994,,20 Mar 1996 P
Mongolia,17 Aug 1994,16 Nov 1994,,13 Aug 1996 P
Montenegro,,,,23 Oct 2006 d
Morocco,19 Oct 1994,,19 Oct 1994,31 May 2007
Mozambique,,16 Nov 1994,,13 Mar 1997 a
Myanmar,,16 Nov 1994,,21 May 1996 a
Namibia,29 Jul 1994,16 Nov 1994,,28 Jul 1995 p
Nauru,,,,23 Jan 1996 P
Nepal,,16 Nov 1994,,2 Nov 1998 P
Netherlands,29 Jul 1994,16 Nov 1994,,28 Jun 1996
New Zealand,29 Jul 1994,16 Nov 1994,,19 Jul 1996
Nicaragua,,,,3 May 2000 P
Nigeria,25 Oct 1994,16 Nov 1994,,28 Jul 1995 p
Niue,,,,11 Oct 2006 P
Norway,,16 Nov 1994,,24 Jun 1996 a
Oman,,16 Nov 1994,,26 Feb 1997 a
Pakistan,10 Aug 1994,16 Nov 1994,,26 Feb 1997 P
Palau,,,,30 Sep 1996 P
Panama,,,,1 Jul 1996 P
Papua New Guinea,,16 Nov 1994,,14 Jan 1997 P
Paraguay,29 Jul 1994,16 Nov 1994,,10 Jul 1995
Philippines,15 Nov 1994,16 Nov 1994,,23 Jul 1997
Poland,29 Jul 1994,23 Feb 1995,,13 Nov 1998 P
Portugal,29 Jul 1994,,29 Jul 1994,3 Nov 1997
Qatar,,16 Nov 1994,,9 Dec 2002 P
Republic of Korea,7 Nov 1994,16 Nov 1994,,29 Jan 1996
Republic of Moldova,,16 Nov 1994,,6 Feb 2007 P
Romania,,,4 Oct 1994,17 Dec 1996 a
Russian Federation,,11 Jan 1995,,12 Mar 1997 a
Samoa,7 Jul 1995,16 Nov 1994,,14 Aug 1995 P
Saudi Arabia,,,9 Nov 1994,24 Apr 1996 P
Senegal,9 Aug 1994,16 Nov 1994,,25 Jul 1995
Serbia,12 May 1995,,,28 Jul 1995 p
Seychelles,29 Jul 1994,16 Nov 1994,,15 Dec 1994
Sierra Leone,,16 Nov 1994,,12 Dec 1994 P
Singapore,,16 Nov 1994,,17 Nov 1994 P
Slovakia,14 Nov 1994,16 Nov 1994,,8 May 1996
Slovenia,19 Jan 1995,16 Jun 1995,15 Nov 1994,16 Jun 1995
Solomon Islands,,8 Feb 1995,,23 Jun 1997 P
South Africa,3 Oct 1994,16 Nov 1994,,23 Dec 1997
Spain,29 Jul 1994,,,15 Jan 1997
Sri Lanka,29 Jul 1994,16 Nov 1994,,28 Jul 1995 p
Sudan,29 Jul 1994,16 Nov 1994,,
Suriname,,16 Nov 1994,,9 Jul 1998 P
Swaziland,12 Oct 1994,16 Nov 1994,,24 Sep 2012 P
Sweden,29 Jul 1994,,29 Jul 1994,25 Jun 1996
Switzerland,26 Oct 1994,16 Nov 1994,,1 May 2009
Thailand,,,,15 May 2011 a
The former Yugoslav Republic of Macedonia,,16 Nov 1994,,19 Aug 1994 P
Timor-Leste,,,,8 Jan 2013 P
Togo,3 Aug 1994,16 Nov 1994,,28 Jul 1995 p
Tonga,,,,2 Aug 1995 P
Trinidad and Tobago,10 Oct 1994,16 Nov 1994,,28 Jul 1995 p
Tunisia,15 May 1995,16 Nov 1994,,24 May 2002
Tuvalu,,,,9 Dec 2002 P
Uganda,9 Aug 1994,16 Nov 1994,,28 Jul 1995 p
Ukraine,28 Feb 1995,16 Nov 1994,,26 Jul 1999
United Arab Emirates,,16 Nov 1994,,
United Kingdom of Great Britain and Northern Ireland,29 Jul 1994,16 Nov 1994,,25 Jul 1997
United Republic of Tanzania,7 Oct 1994,16 Nov 1994,,25 Jun 1998
United States of America,29 Jul 1994,16 Nov 1994,,
Uruguay,29 Jul 1994,,29 Jul 1994,7 Aug 2007
Vanuatu,29 Jul 1994,16 Nov 1994,,10 Aug 1999 P
Viet Nam,,16 Nov 1994,,27 Apr 2006 a
Zambia,13 Oct 1994,16 Nov 1994,,28 Jul 1995 p
Zimbabwe,28 Oct 1994,16 Nov 1994,,28 Jul 1995 p
